menus.cleanedNames,count
Cheese Pizza,595
Buffalo Chicken Pizza,520
Greek Pizza,384
White Pizza,351
Any Large Pizza,259
Hawaiian Pizza,254
1 Topping Pizza,221
Pizza By the Slice,193
14ampquot White Pizza,192
Meat Lovers Pizza,189
Veggie Pizza,187
Margherita Pizza,174
Gluten Free Pizza,162
Pizza Steak,161
Pizza,136
Pepperoni Pizza Baking Required,130
Medium Gourmet Vegetarian Gluten Free Crust Pizza Baking Required,118
Stuffed Pizza,116
Pepperoni Pizza,109
Pizza Burger,100
Vegetarian Pizza,99
Chicken Wing Pizza,95
Pizza Sub,95
Pesto Pizza,87
Spinach Pizza,86
Salad Pizza,85
Supreme Pizza,82
Taco Pizza,81
Build Your Own Pizza,80
Grandma Pizza,79
Bacon Cheeseburger Pizza,73
Thin Crust Cheese Pizza,73
Pizza Bread,70
Deluxe Pizza,70
Pizza Bianca,69
Pizza Fries,68
Specialty Pizza,67
Chicken Bacon Ranch Pizza,64
Sausage Pizza,62
Chicken Parmigiana Pizza,60
Special Pizza,57
Mushroom Pizza,56
Lasagna Pizza,56
Garlic Pizza,55
Baked Ziti Pizza,54
Veal Pizzaiola,53
Chicken Alfredo Pizza,52
New York Style Pizza,52
Vegetable Pizza,50
Mexican Pizza,50
Pan Pizza,50
Deep Dish Pizza,49
Kids Pizza,49
Eggplant Pizza,48
Onion Pizza,48
Primavera Pizza,48
Combo Pizza,48
Medium Pizza Offers,46
Mini Pizza,45
California Pizza,44
1 Item Pizza,43
Margarita Pizza,42
Pizza Mozzarella,40
Nutella Pizza,40
Shrimp Pizza,39
Broccoli Pizza,39
Blt Pizza,39
Pizza Rolls,38
Chicago Pizza,37
S39mores Pizza,37
Bbq Pizza,36
2Nd Pizza of Equal Or Lesser Value,35
Vodka Pizza,32
French Bread Pizza,31
Pizza Pie,31
Traditional Pizza,30
Artichoke Pizza,30
Spicy Chicken Pizza,30
Napoli Pizza,28
Gourmet White Pizza,28
Caprese Pizza,28
The Original BBQ Chicken Pizza and Soup Lunch Duo,28
Kona Pizza,26
Marinara Pizza,26
Catering Pepperoni Pizza,25
Bruschetta Pizza,25
Breakfast Pizza,23
Quattro Formaggi Pizza,23
Pizza Bianco,22
Pizza Fritta,21
Fresh5 Tomatoes and Garlic Pizza (white),21
Pineapple Pizza,20
Thai Pizza,20
The Works Pizza,20
Sheet Pizza,20
Pizza Sandwich,20
The Teena Pizza,20
Five Cheese Pizza,20
Calabrese Pizza,19
Our Flagship Pizza,19
Florentine Pizza,19
Pizza Sauce,18
Rustica Pizza,17
Pita Pizza,17
Pizza Blanca,17
Pronto Pizza,16
Tuscan Mushroom Pizza,16
Chicken Fajita Pizza,16
Chicken Marsala Pizza,15
Party Pizza,15
Green Pizza,15
Chocolate Chip Pizza,15
Chicken Teriyaki Pizza,15
Whole Wheat Pizza,15
Aloha Pizza,15
2nd Pizza Deal,15
Popeye Pizza,15
Lunch Size Pizza,15
Gyro Pizza,14
Shrimp Scampi Pizza,14
New Ranch Romano Pizza,13
BYO Pizza Breadstix and Drink,13
Tostada Pizza,13
Carcass Pizza,12
Arugula Pizza,12
Favorite 4 Pizza,12
Carne Asada Pizza,12
Pizza Pisa,12
Pizza Stromboli,12
Pizza Della Nonna,12
Baby Pizza,12
Pizza Genovese,11
Large OneTopping Pan Pizza,11
Anchovy Pizza,11
Salsiccia Pizza,11
Tonys Veggie Pizza,11
Roasted Red Pizza,11
Pizza Logs,11
9 Pizza,11
Royal Pizza,11
Hand Tossed Pizza,11
Clam Pizza,11
Pizza Dog,10
Mama's Pizzaz,10
Pizza Bento,10
Western Pizza,10
Salmon Pizza,10
Mia Pizza,10
Angus Steak and Roasted Garlic Pizza Baking Required,10
Feta Cheese Pizza,9
Pizzano's Jumbo Garlic Knots,9
Gorgonzola Pizza,9
Pizza Package,9
Santa Fe Pizza,9
Pizza Puff,9
Chicken Chipotle Pizza,9
Bbq Pork Pizza,9
Upside Down Pizza,9
Spicy Fennel Sausage Pizza Baking Required,9
Plue 2 liter Soda with 2ampcomma Pizza,9
Neapolitan Pizza,9
Signature Pizza,9
Plain Jane Pizza,9
"Pizza, Pop, Salad, Bread and Butter",9
Russian Pizza,8
Pizza Caroline,8
Pizza ampamp Salad,8
Pizza Constantine,8
Pepperoni and Jalapeno Pizza,8
John39s Favorite Pizza,8
Bella Works Pizza,8
Luau Pizza,8
Chicken Cordon Bleu Pizza,7
"Jumbo 18"" Cheese Pizza",7
Jamaican Jerk Chicken Pizza,7
Pizza Wedge,7
Sampler Pizza,7
Pizza Alla Raffaele,7
Carbonara Pizza,7
Casablanca Pizza,7
Pizza Luciano,7
Pizza Piccante,7
Campagnola Pizza,7
5Th Street Pizza,6
Crispino Pizza,6
Rio Ranch Pizza,6
Large Pizza ampamp Wings Deal,6
Sundried Tomato ampamp Pesto Pizza,6
Black Bean Pizza,6
Sunbelt Vegetable Pizza,6
Howie Special Pizza,6
Butternut Squash Pizza,6
Pizza Polpette,6
Michelangelo's White Pizza,6
Jazzy Pizza,6
Pizza Steak Hoagie,6
Pizza Boat,6
Pizza of the Week,6
Bari Pizza,6
Diavola Pizza,6
8 Corner Pizza,6
Pizza Columbus,6
Free Pizza,6
Mac and Cheese Pizza,6
Island Time Pizza,6
Pizza Vinnie,5
Pizza Pop,5
Create Your Own Wood Fired Pizza,5
Bama Pizza,5
Cheezy Pizza,5
Pizza & Fingers,5
Bricks Pizza,5
Fuorigrotta Pizza,5
Old Country Pizza,5
Extravaganza Pizza,5
Mexi Pizza,5
Jack Sprat Pizza,5
Smily Face Pizza,5
Pizza Pasquale,5
Pizza with Penne,5
Bowzer39s Supreme Pizza,5
Pizza Greca,5
Potato Pizza,5
Quesapizza,5
All You Can Eat Pizza & Wings,5
Honey Mustard Grilled Chicken Pizza,5
S'mores Pizza Dessert,5
Rossa Pizza,5
Memphis BBQ Chicken Pizza,4
Everest Pizza,4
Pizza Bagel,4
Pride Pizza,4
Milano Garlic Chicken Pizza,4
Big Texas BBQ Steak with Pineapple Pizza,4
Pizza Plaza Special,4
Mattone Pizza,4
Pizza al Tartufo Olio,4
Pizza Skins,4
Late Night Delivery Special 4 Pizzas,4
Apizza Amore,4
Lucky 7 Pizza,4
La Ortolana Pizza,4
Pavia Pizza,4
Michigan Ave Pizza,4
Burrata Pizza,4
Kid39s California Pizza Kitchen Salad,4
Pizza Buccheri (the Butcher),4
8ampquot 1Item Original Pizza and Fountain Drink,4
Pizza Naturale,4
Rudy's Pizza,4
Pizza Proscuitto E Funghi,4
Heart Healthy Pizza,4
Sam's Combo Pizza,4
Tandoori Love Pizza,4
Paneer Tikka Masala Pizza,4
Pizza Chef,4
Loaded Baked Potato Pizza,4
Super Slices 34 Pound Of Pizza,4
Sofia Pizza,4
Pizzawich Monster Sub,4
Uncle Jesse Pizza,4
Regular Slice Of Pizza Or Pasta Choiceampcomma Soda And Treat,4
Pastrami Pizza,4
Triboro Pizza,4
Pig Pen Pizza,3
Roasted Cauliflower Pizza,3
Goat Cheese Pizza,3
Mythic Pizza,3
Square Crust Pizza,3
Two Slices of Gourmet Pizza & a Medium Beverage,3
Personal Appolonia Pizza,3
Medium Pizza Forum's Special,3
King Arthur's Supreme Pizza,3
Pizza Night,3
Sicilan Pizza,3
8ampquot Piccolo Spinach Pizza,3
Gino's Special Pizza,3
Americo Pizza,3
N. Y. Stylepizza,3
1 Large Pizzaampcomma 18 Wingsampcomma 2 Small Fries,3
Hummus Pizza,3
Frozen Pizzas,3
Exclusive Vip Stuffed Pizza,3
Three Sonampaposs Special Pan Pizza,3
Tour of Italy Pizza,3
"Family Feast (Open Till Close, Every Day) (Large 3 Item Pizza, 12 Garlic Rolls, Pitcher of Beer Or Soda)",3
Pizza Turnover,3
Meat Feast Pizza on a Plate No Dough,3
Build Your Own Pizza Wrap,3
Carmelita Pizza,3
Quattro Gusti Pizza,3
5 Cheese ampamp Fresh Tomato Pizza,3
ampquotChicagoampquotStyle Pizza Slice,3
Short Rib Pizza,3
Bolognese Pizza Dinner,3
Shrimp Alla Tony Pizza,3
The Haight Pizza,3
Dante39s Peak Pizza,3
Pizza Dip,3
Pizza Mare,3
Garbage Pizza,3
La Nova Super Steak Pizza,3
UltiMeat Pizza,3
Pizzazz,3
Ocean View Pizza,3
Tasty Delight Pizza,3
2016 Worlds Best Pan Pizza the Quack Attack,3
Putanesca Pizza,3
Sarda Pizza,3
Al Roker Pizza,3
Montana Pizza,3
High Fiber Pizza,3
Updyke Pizza,3
"7"" Pizza Or Stromboli Breadsticks Or Salad",3
Speck Pizza,2
Slice of Indian Pizza Pick Up Only,2
Chicabroni Pizza,2
New Bedford Portuguese Linguica Pizza,2
Pizza Sole,2
14ampquot Large MeatAPizza,2
White Mozzarella ampamp Riccota Pizza,2
"Pizza Sauce, Mozerella and Any 3 Items",2
Bark Pizza Gluten Free,2
Antipasto Pizza,2
9ampquot Pizza Grinder,2
Imperial Pizza,2
The Route 66 Pizza,2
Pb&J Pizza,2
Pizza Bites,2
Alamo Meat Pizza,2
Forbes Field Original Pizza,2
Ground Beef Pizza Slice,2
Pizza Dawg,2
Goodfellas Pizza,2
12ampquot 2Topping Personal Pizza not available after 3pm,2
Pizza Beach Tee,2
Pizza al Tonno,2
Bambino White Pizza and A Small Tossed Salad,2
Low Fat Cheese Pizza,2
Naga Pizza,2
Tino's Five Cheese Pizza,2
Ceaser salad Pizza Slice,2
Northside House Specialty Pizza,2
Il Giardino Pizza,2
America39s Favorite Feast Pizza,2
Stuts Pizza,2
Old School Gondola Special Pizza (Small),2
Pizza Street Buffet,2
Raw Pizza Dough,2
Pizza Pompei,2
Pizza Filetto,2
Boss Hog Pizza,2
Steak Portabella Pizza,2
Basset Hound Pizza,2
Funghi Misti Pizza,2
Aaloo Gobi Pizza,2
Mantova Pizza,2
Mt. St. Helene's Pizza,2
Citrus Adobo Pizza,2
Mary's Original Pizza Dough Hot Dog,2
Hitman Pizza,2
Hobbs Pepperoni Pizza,2
Tree Hugger Pizza,2
Avocado Special Pizza,2
Dalicia Pizza,2
Pink Pizza,2
Dino's Combination Pizza (14 Large),2
Sweet and Sour Sesame Chicken Pizza,2
Cosmos Pizza,2
Stinger Pizza,2
Whitepizza,2
March Madness Pizza,2
Joto's Mini Pizza,2
Sweep The Kitchen Pizza,2
Hawthornes Special White Pizza,2
The Tremor Pizza,2
"Pizza or 1 Iten Sub, Salad or Fries, Soda",2
Pizza Muffins,2
Pizza Bal,2
Leaf Erikson Chicago Style Pizza,2
Wake ampamp Bake Pizza,1
Widow Maker Pizza,1
Ronnally's Dessert Pizza,1
M&M Pizza,1
Cheese Pizza (mozzarella) Whole Milk or Skimed,1
That's a Gouda Pizza Salad,1
Pizza Burger Wedge with Lettuce and Tomato,1
"""Bro""luxe Pizza",1
"""Cholesterol Bomb"" Pizza",1
Chubbies Pizza,1
The Colossus Pizza,1
Moosehead Traditional Crust Pizza,1
Pizza Marg Herita,1
Healthy Heartland Pizza,1
Pizza Insurance,1
Pizza Coop Mudslide,1
Pizza Salsa Cruda,1
French Baked Brie On Pizza Bread,1
"Put a ""Lid"" On It! Stuff Any Pizza",1
Reuben Pizza,1
4 Manggio Stuffed Pizza,1
Straw Hat's Pizza Sandwich,1
La Luna's Best Pizza,1
Pizza Nuggets,1
Volare Round Pizza,1
Ultra Thin Pizza Fina Americano,1
The Gladiator Pizza,1
Side Pizza Dressing,1
Goodie Roonie Pizza,1
Rigatoni Pizza,1
Pizza Split Charge,1
"Lil' F. ""Pizza Burger""",1
Methi Mutter Malai Pizza,1
Achari Veg Pizza,1
Point Pizza,1
The Prego Pizza,1
Aspendos Pizza,1
Endless Artisan Pizza Bar,1
Braised Bacon and Aged Fontina Pizza,1
The Pizzalad,1
Pizza Cookie With Magpies Parlour Frozen Yogurt,1
Butter Parmesan Flavor To Entire Pizza,1
The Southend Pizza,1
The Triple Pep Pizza,1
7in The Miller Pizza,1
Coal Vines Regular Pie Pizza Dinner,1
Oven Toasted Pizza Sandwich,1
Angel Pizza,1
The Linebacker Pizza,1
Grill Crisp Bacon Pizza Western Pizza,1
Da Bear All Meat Special Pizza,1
Rachel Ray's Favorite Pizza,1
Sprouts N' Bacon Pizza,1
Giant 18ampquot Tijuana Taxi Pizza,1
Isabella Pizzarella,1
ampaposOld World Pizzaampapos,1
Stinking Rose Pizza,1
Saporitaampaposs House Special Pizza,1
Mount Olympus Pizza,1
SUPER BOWL BURGER PIZZA SPECIAL,1
834 2 Topping Cheese Pizza,1
Banana Split Pizza,1
Kens Pizza,1
Lobo Pizza,1
Square Grandma Pizza 8 Pc,1
Pizza Al Fresco,1
Bowery Boy Pizza,1
Large Smoked Oysters and Chopped Onions Pizza,1
Desset Pizza,1
Wbs Pizza (Writers in Baltimore Schools),1
18ampquot Stuffed Priazzo Pizza,1
L and B Pizza 8 Square Pie,1
Pepperoni Pizza Pinwheel,1
Large 1Topping Pizza ampamp Medium Sticks Special,1
Vulcano Pizza,1
Ladolce Pizza,1
Pizza Pacco,1
Pimento Cheese Pizza,1
10ampquot Indo Pak Pizza,1
"Charlie Mckenna's, Lillie's Q, Bbq Pulled Pork Pizza",1
"Brian Enyart's, Dos Urban Cantina, Albondigas & Tomatillo Pizza",1
"Bill Kim's, Urban Belly, Lemongrass Sausage Pizza",1
Small RockBottom Loop GlutenFree Pizza,1
6 Inches Baby Bearnoampaposs Pizzaampcomma,1
Brownie Pizza,1
White Pizza Pie with Sliced Tomato ampamp Fresh Garlic,1
Soldier & Sailors Supreme Pizza,1
Peter Cooper Pizza,1
Knollas Famous Dessert Pizza,1
Pizza Carlsbad,1
"Brian Fisher's, Entente, Korean Fried Chicken Pizza",1
"Rick Ortiz's, Antique Taco, Chili Cheese Curd Pizza",1
Tiger Pizza,1
Sex On the Pizza Beach,1
Lamb Merguez and Oaxaca Pizza,1
Mumbai Ripieno Pizza,1
Kosmic Karma Pizza,1
Pizza Subserved On Fresh Rolls and Prepared On Grill.,1
